{
  "losses": [
    1.147957393351723,
    1.1205380839460037,
    1.0939940144033993,
    1.0735394341104172,
    1.019142070237328
  ],
  "metrics": {
    "both": {
      "optimistic": {
        "adjusted_arithmetic_mean_rank": 1.00969263564568,
        "adjusted_arithmetic_mean_rank_index": -0.009900102139956735,
        "adjusted_geometric_mean_rank_index": -0.04142976331431503,
        "adjusted_hits_at_k": -0.008460276700302707,
        "adjusted_inverse_harmonic_mean_rank": -0.010803341452928349,
        "arithmetic_mean_rank": 48.18156424581006,
        "count": 2148.0,
        "geometric_mean_rank": 37.33088297903605,
        "harmonic_mean_rank": 22.601643067233717,
        "hits_at_1": 0.0,
        "hits_at_10": 0.09869646182495345,
        "hits_at_3": 0.020018621973929236,
        "hits_at_5": 0.04422718808193669,
        "inverse_arithmetic_mean_rank": 0.020754826366745898,
        "inverse_geometric_mean_rank": 0.026787472467810935,
        "inverse_harmonic_mean_rank": 0.04424457093784169,
        "inverse_median_rank": 0.020833333333333332,
        "median_absolute_deviation": 34.099851025628844,
        "median_rank": 48.0,
        "standard_deviation": 26.974099498141367,
        "variance": 727.6020437356304,
        "z_arithmetic_mean_rank": -0.7850401104571318,
        "z_geometric_mean_rank": -2.0287049983883207,
        "z_hits_at_k": -1.1374195654969768,
        "z_inverse_harmonic_mean_rank": -3.9461694019248554
      },
      "pessimistic": {
        "adjusted_arithmetic_mean_rank": 1.00969263564568,
        "adjusted_arithmetic_mean_rank_index": -0.009900102139956735,
        "adjusted_geometric_mean_rank_index": -0.04142976331431503,
        "adjusted_hits_at_k": -0.008460276700302707,
        "adjusted_inverse_harmonic_mean_rank": -0.010803341452928349,
        "arithmetic_mean_rank": 48.18156424581006,
        "count": 2148.0,
        "geometric_mean_rank": 37.33088297903605,
        "harmonic_mean_rank": 22.601643067233717,
        "hits_at_1": 0.0,
        "hits_at_10": 0.09869646182495345,
        "hits_at_3": 0.020018621973929236,
        "hits_at_5": 0.04422718808193669,
        "inverse_arithmetic_mean_rank": 0.020754826366745898,
        "inverse_geometric_mean_rank": 0.026787472467810935,
        "inverse_harmonic_mean_rank": 0.04424457093784169,
        "inverse_median_rank": 0.020833333333333332,
        "median_absolute_deviation": 34.099851025628844,
        "median_rank": 48.0,
        "standard_deviation": 26.974099498141367,
        "variance": 727.6020437356304,
        "z_arithmetic_mean_rank": -0.7850401104571318,
        "z_geometric_mean_rank": -2.0287049983883207,
        "z_hits_at_k": -1.1374195654969768,
        "z_inverse_harmonic_mean_rank": -3.9461694019248554
      },
      "realistic": {
        "adjusted_arithmetic_mean_rank": 1.0096926374320658,
        "adjusted_arithmetic_mean_rank_index": -0.00990010396457941,
        "adjusted_geometric_mean_rank_index": -0.04142987401289289,
        "adjusted_hits_at_k": -0.008460276700302707,
        "adjusted_inverse_harmonic_mean_rank": -0.010803339779372888,
        "arithmetic_mean_rank": 48.18156433105469,
        "count": 2148.0,
        "geometric_mean_rank": 37.33088684082031,
        "harmonic_mean_rank": 22.601642258882265,
        "hits_at_1": 0.0,
        "hits_at_10": 0.09869646182495345,
        "hits_at_3": 0.020018621973929236,
        "hits_at_5": 0.04422718808193669,
        "inverse_arithmetic_mean_rank": 0.020754827186465263,
        "inverse_geometric_mean_rank": 0.026787469163537025,
        "inverse_harmonic_mean_rank": 0.04424457252025604,
        "inverse_median_rank": 0.02083333395421505,
        "median_absolute_deviation": 34.099851025628844,
        "median_rank": 48.0,
        "standard_deviation": 26.97410011291504,
        "variance": 727.60205078125,
        "z_arithmetic_mean_rank": -0.785040255142718,
        "z_geometric_mean_rank": -2.028710419002394,
        "z_hits_at_k": -1.1374195654969768,
        "z_inverse_harmonic_mean_rank": -3.9461687906201632
      }
    },
    "head": {
      "optimistic": {
        "adjusted_arithmetic_mean_rank": 1.0228566355269257,
        "adjusted_arithmetic_mean_rank_index": -0.023351440694193926,
        "adjusted_geometric_mean_rank_index": -0.06802401446875472,
        "adjusted_hits_at_k": -0.016127544594583584,
        "adjusted_inverse_harmonic_mean_rank": -0.012842840222054064,
        "arithmetic_mean_rank": 48.27188081936685,
        "count": 1074.0,
        "geometric_mean_rank": 37.84312337480139,
        "harmonic_mean_rank": 23.345809324636516,
        "hits_at_1": 0.0,
        "hits_at_10": 0.0931098696461825,
        "hits_at_3": 0.0186219739292365,
        "hits_at_5": 0.04003724394785847,
        "inverse_arithmetic_mean_rank": 0.02071599413625492,
        "inverse_geometric_mean_rank": 0.026424880158435082,
        "inverse_harmonic_mean_rank": 0.04283424001688875,
        "inverse_median_rank": 0.02127659574468085,
        "median_absolute_deviation": 32.61724880712324,
        "median_rank": 47.0,
        "standard_deviation": 26.507555066544853,
        "variance": 702.6504756059077,
        "z_arithmetic_mean_rank": -1.3088669461077842,
        "z_geometric_mean_rank": -2.356691817622476,
        "z_hits_at_k": -1.5232386510554452,
        "z_inverse_harmonic_mean_rank": -3.2987398556936416
      },
      "pessimistic": {
        "adjusted_arithmetic_mean_rank": 1.0228566355269257,
        "adjusted_arithmetic_mean_rank_index": -0.023351440694193926,
        "adjusted_geometric_mean_rank_index": -0.06802401446875472,
        "adjusted_hits_at_k": -0.016127544594583584,
        "adjusted_inverse_harmonic_mean_rank": -0.012842840222054064,
        "arithmetic_mean_rank": 48.27188081936685,
        "count": 1074.0,
        "geometric_mean_rank": 37.84312337480139,
        "harmonic_mean_rank": 23.345809324636516,
        "hits_at_1": 0.0,
        "hits_at_10": 0.0931098696461825,
        "hits_at_3": 0.0186219739292365,
        "hits_at_5": 0.04003724394785847,
        "inverse_arithmetic_mean_rank": 0.02071599413625492,
        "inverse_geometric_mean_rank": 0.026424880158435082,
        "inverse_harmonic_mean_rank": 0.04283424001688875,
        "inverse_median_rank": 0.02127659574468085,
        "median_absolute_deviation": 32.61724880712324,
        "median_rank": 47.0,
        "standard_deviation": 26.507555066544853,
        "variance": 702.6504756059077,
        "z_arithmetic_mean_rank": -1.3088669461077842,
        "z_geometric_mean_rank": -2.356691817622476,
        "z_hits_at_k": -1.5232386510554452,
        "z_inverse_harmonic_mean_rank": -3.2987398556936416
      },
      "realistic": {
        "adjusted_arithmetic_mean_rank": 1.022856641547894,
        "adjusted_arithmetic_mean_rank_index": -0.023351446845505164,
        "adjusted_geometric_mean_rank_index": -0.06802437563373376,
        "adjusted_hits_at_k": -0.016127544594583584,
        "adjusted_inverse_harmonic_mean_rank": -0.012842839241867444,
        "arithmetic_mean_rank": 48.271881103515625,
        "count": 1074.0,
        "geometric_mean_rank": 37.843135833740234,
        "harmonic_mean_rank": 23.345808819775637,
        "hits_at_1": 0.0,
        "hits_at_10": 0.0931098696461825,
        "hits_at_3": 0.0186219739292365,
        "hits_at_5": 0.04003724394785847,
        "inverse_arithmetic_mean_rank": 0.020715994760394096,
        "inverse_geometric_mean_rank": 0.026424871757626534,
        "inverse_harmonic_mean_rank": 0.042834240943193436,
        "inverse_median_rank": 0.021276595070958138,
        "median_absolute_deviation": 32.61724880712324,
        "median_rank": 47.0,
        "standard_deviation": 26.50755500793457,
        "variance": 702.6505126953125,
        "z_arithmetic_mean_rank": -1.3088672908937156,
        "z_geometric_mean_rank": -2.3567043301823105,
        "z_hits_at_k": -1.5232386510554452,
        "z_inverse_harmonic_mean_rank": -3.298739603928409
      }
    },